title;start;regionmapping;extramappings_historic;cm_rcp_scen;subsidizeLearning;cm_iterative_target_adj;cm_budgetCO2from2020;carbonprice;cm_taxCO2_startyear;cm_peakBudgYr;cm_taxCO2_regiDiff;c_regi_earlyreti_rate;c_NearTermProjectCompletion;cm_wasteIncinerationCCSshare;cm_multigasscen;cm_EDGEtr_scen;c_changeProdCost;cm_startyear;path_gdx;path_gdx_ref;path_gdx_refpolicycost;cm_taxCO2_lowerBound_path_gdx_ref;path_gdx_carbonprice;description;cm_pfmConvTol;cm_pfmSectorMarkup;cm_pfmGapClosure;cm_pfmPhiPath;pfmGroup;cm_pfmBindMode;cm_pfmTheta;cm_pfmAnchorFromGdx;cm_pfmBoundRebuild;pfmInstitutions;pfmPhiOrdering;pfmPhiOrderingSeed;pfmPhiHold;pfmPhiHoldYear;pfmPhiStrength;pfmPhiKappa
_____EU21_SSP2_v6_____;;;;;;;;;;;;;;;;;;;;;;;;;;;;;;;;;;;;;;;;
__________parents_EU21;;;;;;;;;;;;;;;;;;;;;;;;;;;;;;;;;;;;;;;;
SSP2-EU21-NPi2025;EU21BASE;./config/regionmapping_21_EU11.csv;./config/extramapping_EU27.csv;;;0;;;;;;;;;;;;2005;;;;0;;Uncoupled parent: REMIND's SSP2-NPi2025 at EU21, plus the matrix's declared settings (cm_taxCO2_lowerBound_path_gdx_ref). Generated by pfm::buildPFMScenarioConfig - edit the matrix, not this row.;;;;;;;;;;;;;;;;
SSP2-EU21-PkBudg1000;EU21BASE;./config/regionmapping_21_EU11.csv;./config/extramapping_EU27.csv;rcp26;globallyOptimal;9;1000;functionalForm;75;2080;7;EUR_regi 0.08, USA_regi 0.07, CHA_regi 0.07, CAZ_regi 0.07,  JPN_regi 0.07, GLO 0.06;transformative;2050.GLO 0.5;2;Mix3ICEban;1;2030;;SSP2-EU21-NPi2025;SSP2-EU21-NPi2025;0;;Uncoupled parent: REMIND's SSP2-PkBudg1000 at EU21, plus the matrix's declared settings (cm_taxCO2_lowerBound_path_gdx_ref, path_gdx_ref, path_gdx_refpolicycost). Generated by pfm::buildPFMScenarioConfig - edit the matrix, not this row.;;;;;;;;;;;;;;;;
__________wave1_nulls_EU21;;;;;;;;;;;;;;;;;;;;;;;;;;;;;;;;;;;;;;;;
SSP2-EU21-PkBudg1000-PFMgateRef;EU21BASE;./config/regionmapping_21_EU11.csv;./config/extramapping_EU27.csv;rcp26;globallyOptimal;9;1000;functionalForm;75;2080;0;EUR_regi 0.08, USA_regi 0.07, CHA_regi 0.07, CAZ_regi 0.07,  JPN_regi 0.07, GLO 0.06;transformative;2050.GLO 0.5;2;Mix3ICEban;1;2030;;SSP2-EU21-NPi2025;SSP2-EU21-NPi2025;0;;Uniform global price, uncoupled: the same-version comparator of the theta = 0 null (SCENARIOS.md 3.1, PITFALLS.md 34).;;;;;;;;;;;;;;;;
SSP2-EU21-PkBudg1000-PFMgate-v6;EU21V6GATE;./config/regionmapping_21_EU11.csv;./config/extramapping_EU27.csv;rcp26;globallyOptimal;9;1000;functionalForm;75;2080;11;EUR_regi 0.08, USA_regi 0.07, CHA_regi 0.07, CAZ_regi 0.07,  JPN_regi 0.07, GLO 0.06;transformative;2050.GLO 0.5;2;Mix3ICEban;1;2030;;SSP2-EU21-NPi2025;SSP2-EU21-NPi2025;0;;[v6 wave 1] The theta = 0 null (D18): must reproduce -PFMgateRef within SCENARIOS.md 3.1. Anchor and price donor of every rule-B row.;0.002;1;0;1;v6;1;0;;;;;;;;;
SSP2-EU21-PkBudg1000-PFMgateBfix-v6;EU21V6GATE;./config/regionmapping_21_EU11.csv;./config/extramapping_EU27.csv;rcp26;globallyOptimal;0;1000;functionalForm;75;2080;11;EUR_regi 0.08, USA_regi 0.07, CHA_regi 0.07, CAZ_regi 0.07,  JPN_regi 0.07, GLO 0.06;transformative;2050.GLO 0.5;2;Mix3ICEban;1;2030;SSP2-EU21-PkBudg1000-PFMgate-v6;SSP2-EU21-NPi2025;SSP2-EU21-NPi2025;0;SSP2-EU21-PkBudg1000-PFMgate-v6;[v6 wave 1] The held-price theta = 0 null, the comparator of every rule-B row.;0.002;1;0;1;v6;1;0;on;;;;;;;;
__________wave1_ruleB_EU21;;;;;;;;;;;;;;;;;;;;;;;;;;;;;;;;;;;;;;;;
SSP2-EU21-PkBudg1000-PFMlevelBfix-v6;EU21V6GATE;./config/regionmapping_21_EU11.csv;./config/extramapping_EU27.csv;rcp26;globallyOptimal;0;1000;functionalForm;75;2080;11;EUR_regi 0.08, USA_regi 0.07, CHA_regi 0.07, CAZ_regi 0.07,  JPN_regi 0.07, GLO 0.06;transformative;2050.GLO 0.5;2;Mix3ICEban;1;2030;SSP2-EU21-PkBudg1000-PFMgateBfix-v6;SSP2-EU21-NPi2025;SSP2-EU21-NPi2025;0;SSP2-EU21-PkBudg1000-PFMgate-v6;[v6 wave 1] Rule B (held price) with the v6 share path - the headline horn.;0.002;1;0;1;v6;2;0.50;on;;;;;;;;
SSP2-EU21-PkBudg1000-PFMlevelBfixTh325-v6;V6W1EU21;./config/regionmapping_21_EU11.csv;./config/extramapping_EU27.csv;rcp26;globallyOptimal;0;1000;functionalForm;75;2080;11;EUR_regi 0.08, USA_regi 0.07, CHA_regi 0.07, CAZ_regi 0.07,  JPN_regi 0.07, GLO 0.06;transformative;2050.GLO 0.5;2;Mix3ICEban;1;2030;SSP2-EU21-PkBudg1000-PFMlevelBfix-v6;SSP2-EU21-NPi2025;SSP2-EU21-NPi2025;0;SSP2-EU21-PkBudg1000-PFMgate-v6;[v6 wave 1] Rule B at the other two declared severities.;0.002;1;0;1;v6;2;0.325;on;;;;;;;;
SSP2-EU21-PkBudg1000-PFMlevelBfixTh675-v6;V6W1EU21;./config/regionmapping_21_EU11.csv;./config/extramapping_EU27.csv;rcp26;globallyOptimal;0;1000;functionalForm;75;2080;11;EUR_regi 0.08, USA_regi 0.07, CHA_regi 0.07, CAZ_regi 0.07,  JPN_regi 0.07, GLO 0.06;transformative;2050.GLO 0.5;2;Mix3ICEban;1;2030;SSP2-EU21-PkBudg1000-PFMlevelBfix-v6;SSP2-EU21-NPi2025;SSP2-EU21-NPi2025;0;SSP2-EU21-PkBudg1000-PFMgate-v6;[v6 wave 1] Rule B at the other two declared severities.;0.002;1;0;1;v6;2;0.675;on;;;;;;;;
__________wave1_ruleC_EU21;;;;;;;;;;;;;;;;;;;;;;;;;;;;;;;;;;;;;;;;
SSP2-EU21-PkBudg1000-PFMlevelC-v6;EU21V6GATE;./config/regionmapping_21_EU11.csv;./config/extramapping_EU27.csv;rcp26;globallyOptimal;9;1000;functionalForm;75;2080;11;EUR_regi 0.08, USA_regi 0.07, CHA_regi 0.07, CAZ_regi 0.07,  JPN_regi 0.07, GLO 0.06;transformative;2050.GLO 0.5;2;Mix3ICEban;1;2030;;SSP2-EU21-NPi2025;SSP2-EU21-NPi2025;0;;[v6 wave 1] Rule C (held budget) with the GAMS rebuild from the share path - the other horn.;0.002;1;0;1;v6;2;0.50;;1;;;;;;;
SSP2-EU21-PkBudg1000-PFMlevelCTh325-v6;V6W1EU21;./config/regionmapping_21_EU11.csv;./config/extramapping_EU27.csv;rcp26;globallyOptimal;9;1000;functionalForm;75;2080;11;EUR_regi 0.08, USA_regi 0.07, CHA_regi 0.07, CAZ_regi 0.07,  JPN_regi 0.07, GLO 0.06;transformative;2050.GLO 0.5;2;Mix3ICEban;1;2030;SSP2-EU21-PkBudg1000-PFMlevelC-v6;SSP2-EU21-NPi2025;SSP2-EU21-NPi2025;0;;[v6 wave 1] Rule C at the other two declared severities.;0.002;1;0;1;v6;2;0.325;;1;;;;;;;
SSP2-EU21-PkBudg1000-PFMlevelCTh675-v6;V6W1EU21;./config/regionmapping_21_EU11.csv;./config/extramapping_EU27.csv;rcp26;globallyOptimal;9;1000;functionalForm;75;2080;11;EUR_regi 0.08, USA_regi 0.07, CHA_regi 0.07, CAZ_regi 0.07,  JPN_regi 0.07, GLO 0.06;transformative;2050.GLO 0.5;2;Mix3ICEban;1;2030;SSP2-EU21-PkBudg1000-PFMlevelC-v6;SSP2-EU21-NPi2025;SSP2-EU21-NPi2025;0;;[v6 wave 1] Rule C at the other two declared severities.;0.002;1;0;1;v6;2;0.675;;1;;;;;;;
__________wave1_institutionsHeld_EU21;;;;;;;;;;;;;;;;;;;;;;;;;;;;;;;;;;;;;;;;
SSP2-EU21-PkBudg1000-PFMlevelBfix-held-v6;V6W1EU21;./config/regionmapping_21_EU11.csv;./config/extramapping_EU27.csv;rcp26;globallyOptimal;0;1000;functionalForm;75;2080;11;EUR_regi 0.08, USA_regi 0.07, CHA_regi 0.07, CAZ_regi 0.07,  JPN_regi 0.07, GLO 0.06;transformative;2050.GLO 0.5;2;Mix3ICEban;1;2030;SSP2-EU21-PkBudg1000-PFMlevelBfix-v6;SSP2-EU21-NPi2025;SSP2-EU21-NPi2025;0;SSP2-EU21-PkBudg1000-PFMgate-v6;[v6 wave 1] Institutions-held twin of the rule-B headline (0005 section 7a decision 1A): institutions carry about half of Bulk k's 2100 fall.;0.002;1;0;1;v6;2;0.50;on;;hold;;;;;;
SSP2-EU21-PkBudg1000-PFMlevelC-held-v6;V6W1EU21;./config/regionmapping_21_EU11.csv;./config/extramapping_EU27.csv;rcp26;globallyOptimal;9;1000;functionalForm;75;2080;11;EUR_regi 0.08, USA_regi 0.07, CHA_regi 0.07, CAZ_regi 0.07,  JPN_regi 0.07, GLO 0.06;transformative;2050.GLO 0.5;2;Mix3ICEban;1;2030;SSP2-EU21-PkBudg1000-PFMlevelC-v6;SSP2-EU21-NPi2025;SSP2-EU21-NPi2025;0;;[v6 wave 1] Institutions-held twin of the rule-C headline (decision 1A).;0.002;1;0;1;v6;2;0.50;;1;hold;;;;;;
__________wave2_ordering_EU21;;;;;;;;;;;;;;;;;;;;;;;;;;;;;;;;;;;;;;;;
SSP2-EU21-PkBudg1000-PFMlevelBfix-uniform-v6;V6W2EU21;./config/regionmapping_21_EU11.csv;./config/extramapping_EU27.csv;rcp26;globallyOptimal;0;1000;functionalForm;75;2080;11;EUR_regi 0.08, USA_regi 0.07, CHA_regi 0.07, CAZ_regi 0.07,  JPN_regi 0.07, GLO 0.06;transformative;2050.GLO 0.5;2;Mix3ICEban;1;2030;SSP2-EU21-PkBudg1000-PFMgateBfix-v6;SSP2-EU21-NPi2025;SSP2-EU21-NPi2025;0;SSP2-EU21-PkBudg1000-PFMgate-v6;[v6 wave 2] Ordering test on u (D15): uniform shares - the size of the effect without its location.;0.002;1;0;1;v6;2;0.50;on;;;uniform;;;;;
SSP2-EU21-PkBudg1000-PFMlevelBfix-permuted1-v6;V6W2EU21;./config/regionmapping_21_EU11.csv;./config/extramapping_EU27.csv;rcp26;globallyOptimal;0;1000;functionalForm;75;2080;11;EUR_regi 0.08, USA_regi 0.07, CHA_regi 0.07, CAZ_regi 0.07,  JPN_regi 0.07, GLO 0.06;transformative;2050.GLO 0.5;2;Mix3ICEban;1;2030;SSP2-EU21-PkBudg1000-PFMgateBfix-v6;SSP2-EU21-NPi2025;SSP2-EU21-NPi2025;0;SSP2-EU21-PkBudg1000-PFMgate-v6;[v6 wave 2] Ordering test on u (D15): regions' u permuted, seed 1.;0.002;1;0;1;v6;2;0.50;on;;;permuted;1;;;;
SSP2-EU21-PkBudg1000-PFMlevelBfix-permuted2-v6;V6W2EU21;./config/regionmapping_21_EU11.csv;./config/extramapping_EU27.csv;rcp26;globallyOptimal;0;1000;functionalForm;75;2080;11;EUR_regi 0.08, USA_regi 0.07, CHA_regi 0.07, CAZ_regi 0.07,  JPN_regi 0.07, GLO 0.06;transformative;2050.GLO 0.5;2;Mix3ICEban;1;2030;SSP2-EU21-PkBudg1000-PFMgateBfix-v6;SSP2-EU21-NPi2025;SSP2-EU21-NPi2025;0;SSP2-EU21-PkBudg1000-PFMgate-v6;[v6 wave 2] Ordering test on u (D15): permuted, seed 2.;0.002;1;0;1;v6;2;0.50;on;;;permuted;2;;;;
SSP2-EU21-PkBudg1000-PFMlevelBfix-permuted3-v6;V6W2EU21;./config/regionmapping_21_EU11.csv;./config/extramapping_EU27.csv;rcp26;globallyOptimal;0;1000;functionalForm;75;2080;11;EUR_regi 0.08, USA_regi 0.07, CHA_regi 0.07, CAZ_regi 0.07,  JPN_regi 0.07, GLO 0.06;transformative;2050.GLO 0.5;2;Mix3ICEban;1;2030;SSP2-EU21-PkBudg1000-PFMgateBfix-v6;SSP2-EU21-NPi2025;SSP2-EU21-NPi2025;0;SSP2-EU21-PkBudg1000-PFMgate-v6;[v6 wave 2] Ordering test on u (D15): permuted, seed 3.;0.002;1;0;1;v6;2;0.50;on;;;permuted;3;;;;
SSP2-EU21-PkBudg1000-PFMlevelBfix-reversed-v6;V6W2EU21;./config/regionmapping_21_EU11.csv;./config/extramapping_EU27.csv;rcp26;globallyOptimal;0;1000;functionalForm;75;2080;11;EUR_regi 0.08, USA_regi 0.07, CHA_regi 0.07, CAZ_regi 0.07,  JPN_regi 0.07, GLO 0.06;transformative;2050.GLO 0.5;2;Mix3ICEban;1;2030;SSP2-EU21-PkBudg1000-PFMgateBfix-v6;SSP2-EU21-NPi2025;SSP2-EU21-NPi2025;0;SSP2-EU21-PkBudg1000-PFMgate-v6;[v6 wave 2] Ordering test on u (D15): ranking reversed.;0.002;1;0;1;v6;2;0.50;on;;;reversed;;;;;
SSP2-EU21-PkBudg1000-PFMlevelC-uniform-v6;V6W2EU21;./config/regionmapping_21_EU11.csv;./config/extramapping_EU27.csv;rcp26;globallyOptimal;9;1000;functionalForm;75;2080;11;EUR_regi 0.08, USA_regi 0.07, CHA_regi 0.07, CAZ_regi 0.07,  JPN_regi 0.07, GLO 0.06;transformative;2050.GLO 0.5;2;Mix3ICEban;1;2030;;SSP2-EU21-NPi2025;SSP2-EU21-NPi2025;0;;[v6 wave 2] Ordering test on u (D15), rule C: uniform shares.;0.002;1;0;1;v6;2;0.50;;1;;uniform;;;;;
SSP2-EU21-PkBudg1000-PFMlevelC-permuted1-v6;V6W2EU21;./config/regionmapping_21_EU11.csv;./config/extramapping_EU27.csv;rcp26;globallyOptimal;9;1000;functionalForm;75;2080;11;EUR_regi 0.08, USA_regi 0.07, CHA_regi 0.07, CAZ_regi 0.07,  JPN_regi 0.07, GLO 0.06;transformative;2050.GLO 0.5;2;Mix3ICEban;1;2030;;SSP2-EU21-NPi2025;SSP2-EU21-NPi2025;0;;[v6 wave 2] Ordering test on u (D15), rule C: permuted, seed 1.;0.002;1;0;1;v6;2;0.50;;1;;permuted;1;;;;
__________wave2_assignment_EU21;;;;;;;;;;;;;;;;;;;;;;;;;;;;;;;;;;;;;;;;
SSP2-EU21-PkBudg1000-PFMlevelBfix-allmedian-v6;V6W2EU21;./config/regionmapping_21_EU11.csv;./config/extramapping_EU27.csv;rcp26;globallyOptimal;0;1000;functionalForm;75;2080;11;EUR_regi 0.08, USA_regi 0.07, CHA_regi 0.07, CAZ_regi 0.07,  JPN_regi 0.07, GLO 0.06;transformative;2050.GLO 0.5;2;Mix3ICEban;1;2030;SSP2-EU21-PkBudg1000-PFMgateBfix-v6;SSP2-EU21-NPi2025;SSP2-EU21-NPi2025;0;SSP2-EU21-PkBudg1000-PFMgate-v6;[v6 wave 2] Assignment rule (D-M2 ii): every country at the median quality class.;0.002;1;0;1;v6-allmedian;2;0.50;on;;;;;;;;
SSP2-EU21-PkBudg1000-PFMlevelBfix-alllow-v6;V6W2EU21;./config/regionmapping_21_EU11.csv;./config/extramapping_EU27.csv;rcp26;globallyOptimal;0;1000;functionalForm;75;2080;11;EUR_regi 0.08, USA_regi 0.07, CHA_regi 0.07, CAZ_regi 0.07,  JPN_regi 0.07, GLO 0.06;transformative;2050.GLO 0.5;2;Mix3ICEban;1;2030;SSP2-EU21-PkBudg1000-PFMgateBfix-v6;SSP2-EU21-NPi2025;SSP2-EU21-NPi2025;0;SSP2-EU21-PkBudg1000-PFMgate-v6;[v6 wave 2] Assignment rule: every country at the low quality class.;0.002;1;0;1;v6-alllow;2;0.50;on;;;;;;;;
SSP2-EU21-PkBudg1000-PFMlevelBfix-nearest-v6;V6W2EU21;./config/regionmapping_21_EU11.csv;./config/extramapping_EU27.csv;rcp26;globallyOptimal;0;1000;functionalForm;75;2080;11;EUR_regi 0.08, USA_regi 0.07, CHA_regi 0.07, CAZ_regi 0.07,  JPN_regi 0.07, GLO 0.06;transformative;2050.GLO 0.5;2;Mix3ICEban;1;2030;SSP2-EU21-PkBudg1000-PFMgateBfix-v6;SSP2-EU21-NPi2025;SSP2-EU21-NPi2025;0;SSP2-EU21-PkBudg1000-PFMgate-v6;[v6 wave 2] Assignment rule: nearest donors always (0005 section 7a decision 3) - moves LAM and SSA in the ranking, not k.;0.002;1;0;1;v6-nearest;2;0.50;on;;;;;;;;
SSP2-EU21-PkBudg1000-PFMlevelBfix-usadonor-v6;V6W2EU21;./config/regionmapping_21_EU11.csv;./config/extramapping_EU27.csv;rcp26;globallyOptimal;0;1000;functionalForm;75;2080;11;EUR_regi 0.08, USA_regi 0.07, CHA_regi 0.07, CAZ_regi 0.07,  JPN_regi 0.07, GLO 0.06;transformative;2050.GLO 0.5;2;Mix3ICEban;1;2030;SSP2-EU21-PkBudg1000-PFMgateBfix-v6;SSP2-EU21-NPi2025;SSP2-EU21-NPi2025;0;SSP2-EU21-PkBudg1000-PFMgate-v6;[v6 wave 2] Assignment rule: the USA as a donor (GP-3 / 10).;0.002;1;0;1;v6-usadonor;2;0.50;on;;;;;;;;
SSP2-EU21-PkBudg1000-PFMlevelBfix-usalow-v6;V6W2EU21;./config/regionmapping_21_EU11.csv;./config/extramapping_EU27.csv;rcp26;globallyOptimal;0;1000;functionalForm;75;2080;11;EUR_regi 0.08, USA_regi 0.07, CHA_regi 0.07, CAZ_regi 0.07,  JPN_regi 0.07, GLO 0.06;transformative;2050.GLO 0.5;2;Mix3ICEban;1;2030;SSP2-EU21-PkBudg1000-PFMgateBfix-v6;SSP2-EU21-NPi2025;SSP2-EU21-NPi2025;0;SSP2-EU21-PkBudg1000-PFMgate-v6;[v6 wave 2] Assignment rule: the USA in the low class (GP-3 / 10).;0.002;1;0;1;v6-usalow;2;0.50;on;;;;;;;;
SSP2-EU21-PkBudg1000-PFMlevelC-allmedian-v6;V6W2EU21;./config/regionmapping_21_EU11.csv;./config/extramapping_EU27.csv;rcp26;globallyOptimal;9;1000;functionalForm;75;2080;11;EUR_regi 0.08, USA_regi 0.07, CHA_regi 0.07, CAZ_regi 0.07,  JPN_regi 0.07, GLO 0.06;transformative;2050.GLO 0.5;2;Mix3ICEban;1;2030;;SSP2-EU21-NPi2025;SSP2-EU21-NPi2025;0;;[v6 wave 2] Assignment rule, rule C: all at the median class.;0.002;1;0;1;v6-allmedian;2;0.50;;1;;;;;;;
SSP2-EU21-PkBudg1000-PFMlevelC-alllow-v6;V6W2EU21;./config/regionmapping_21_EU11.csv;./config/extramapping_EU27.csv;rcp26;globallyOptimal;9;1000;functionalForm;75;2080;11;EUR_regi 0.08, USA_regi 0.07, CHA_regi 0.07, CAZ_regi 0.07,  JPN_regi 0.07, GLO 0.06;transformative;2050.GLO 0.5;2;Mix3ICEban;1;2030;;SSP2-EU21-NPi2025;SSP2-EU21-NPi2025;0;;[v6 wave 2] Assignment rule, rule C: all at the low class.;0.002;1;0;1;v6-alllow;2;0.50;;1;;;;;;;
SSP2-EU21-PkBudg1000-PFMlevelC-nearest-v6;V6W2EU21;./config/regionmapping_21_EU11.csv;./config/extramapping_EU27.csv;rcp26;globallyOptimal;9;1000;functionalForm;75;2080;11;EUR_regi 0.08, USA_regi 0.07, CHA_regi 0.07, CAZ_regi 0.07,  JPN_regi 0.07, GLO 0.06;transformative;2050.GLO 0.5;2;Mix3ICEban;1;2030;;SSP2-EU21-NPi2025;SSP2-EU21-NPi2025;0;;[v6 wave 2] Assignment rule, rule C: nearest donors always.;0.002;1;0;1;v6-nearest;2;0.50;;1;;;;;;;
__________wave2_markupAndRatio_EU21;;;;;;;;;;;;;;;;;;;;;;;;;;;;;;;;;;;;;;;;
SSP2-EU21-PkBudg1000-PFMlevelBfixMin-v6;V6W2EU21;./config/regionmapping_21_EU11.csv;./config/extramapping_EU27.csv;rcp26;globallyOptimal;0;1000;functionalForm;75;2080;11;EUR_regi 0.08, USA_regi 0.07, CHA_regi 0.07, CAZ_regi 0.07,  JPN_regi 0.07, GLO 0.06;transformative;2050.GLO 0.5;2;Mix3ICEban;1;2030;SSP2-EU21-PkBudg1000-PFMlevelBfix-v6;SSP2-EU21-NPi2025;SSP2-EU21-NPi2025;0;SSP2-EU21-PkBudg1000-PFMgate-v6;[v6 wave 2] Sector markup off (the old min()), rule B - v5 continuity.;0.002;0;0;1;v6;2;0.50;on;;;;;;;;
SSP2-EU21-PkBudg1000-PFMlevelCMin-v6;V6W2EU21;./config/regionmapping_21_EU11.csv;./config/extramapping_EU27.csv;rcp26;globallyOptimal;9;1000;functionalForm;75;2080;11;EUR_regi 0.08, USA_regi 0.07, CHA_regi 0.07, CAZ_regi 0.07,  JPN_regi 0.07, GLO 0.06;transformative;2050.GLO 0.5;2;Mix3ICEban;1;2030;SSP2-EU21-PkBudg1000-PFMlevelC-v6;SSP2-EU21-NPi2025;SSP2-EU21-NPi2025;0;;[v6 wave 2] Sector markup off, rule C - v5 continuity.;0.002;0;0;1;v6;2;0.50;;1;;;;;;;
SSP2-EU21-PkBudg1000-PFMratio-v6;V6W2EU21;./config/regionmapping_21_EU11.csv;./config/extramapping_EU27.csv;rcp26;globallyOptimal;9;1000;functionalForm;75;2080;11;EUR_regi 0.08, USA_regi 0.07, CHA_regi 0.07, CAZ_regi 0.07,  JPN_regi 0.07, GLO 0.06;transformative;2050.GLO 0.5;2;Mix3ICEban;1;2030;;SSP2-EU21-NPi2025;SSP2-EU21-NPi2025;0;;[v6 wave 2] Rule C in ratio mode (mode R) with the share path - v5 continuity.;0.002;1;0;1;v6;1;0.50;;;;;;;;;
__________wave2_familyA_shape_EU21;;;;;;;;;;;;;;;;;;;;;;;;;;;;;;;;;;;;;;;;
SSP2-EU21-PkBudg1000-PFMlevelBfix-sat05-v6;V6W2EU21;./config/regionmapping_21_EU11.csv;./config/extramapping_EU27.csv;rcp26;globallyOptimal;0;1000;functionalForm;75;2080;11;EUR_regi 0.08, USA_regi 0.07, CHA_regi 0.07, CAZ_regi 0.07,  JPN_regi 0.07, GLO 0.06;transformative;2050.GLO 0.5;2;Mix3ICEban;1;2030;SSP2-EU21-PkBudg1000-PFMgateBfix-v6;SSP2-EU21-NPi2025;SSP2-EU21-NPi2025;0;SSP2-EU21-PkBudg1000-PFMgate-v6;[v6 wave 2] Family A shape twin (decision 6): half-saturation at 0.5x the median.;0.002;1;0;1;v6-sat05;2;0.50;on;;;;;;;;
SSP2-EU21-PkBudg1000-PFMlevelBfix-sat2-v6;V6W2EU21;./config/regionmapping_21_EU11.csv;./config/extramapping_EU27.csv;rcp26;globallyOptimal;0;1000;functionalForm;75;2080;11;EUR_regi 0.08, USA_regi 0.07, CHA_regi 0.07, CAZ_regi 0.07,  JPN_regi 0.07, GLO 0.06;transformative;2050.GLO 0.5;2;Mix3ICEban;1;2030;SSP2-EU21-PkBudg1000-PFMgateBfix-v6;SSP2-EU21-NPi2025;SSP2-EU21-NPi2025;0;SSP2-EU21-PkBudg1000-PFMgate-v6;[v6 wave 2] Family A shape twin (decision 6): half-saturation at 2x the median.;0.002;1;0;1;v6-sat2;2;0.50;on;;;;;;;;
__________wave2_familyB_EU21;;;;;;;;;;;;;;;;;;;;;;;;;;;;;;;;;;;;;;;;
SSP2-EU21-PkBudg1000-PFMlevelBfix-specalt-v6;V6W2EU21;./config/regionmapping_21_EU11.csv;./config/extramapping_EU27.csv;rcp26;globallyOptimal;0;1000;functionalForm;75;2080;11;EUR_regi 0.08, USA_regi 0.07, CHA_regi 0.07, CAZ_regi 0.07,  JPN_regi 0.07, GLO 0.06;transformative;2050.GLO 0.5;2;Mix3ICEban;1;2030;SSP2-EU21-PkBudg1000-PFMgateBfix-v6;SSP2-EU21-NPi2025;SSP2-EU21-NPi2025;0;SSP2-EU21-PkBudg1000-PFMgate-v6;[v6 wave 2] Family B (SI): X-2079 satInn, the bootstrap's most frequent family-B winner.;0.002;1;0;1;v6-specalt;2;0.50;on;;;;;;;;
SSP2-EU21-PkBudg1000-PFMlevelC-specalt-v6;V6W2EU21;./config/regionmapping_21_EU11.csv;./config/extramapping_EU27.csv;rcp26;globallyOptimal;9;1000;functionalForm;75;2080;11;EUR_regi 0.08, USA_regi 0.07, CHA_regi 0.07, CAZ_regi 0.07,  JPN_regi 0.07, GLO 0.06;transformative;2050.GLO 0.5;2;Mix3ICEban;1;2030;;SSP2-EU21-NPi2025;SSP2-EU21-NPi2025;0;;[v6 wave 2] Family B (SI), rule C.;0.002;1;0;1;v6-specalt;2;0.50;;1;;;;;;;
SSP2-EU21-PkBudg1000-PFMlevelBfix-annual-v6;V6W2EU21;./config/regionmapping_21_EU11.csv;./config/extramapping_EU27.csv;rcp26;globallyOptimal;0;1000;functionalForm;75;2080;11;EUR_regi 0.08, USA_regi 0.07, CHA_regi 0.07, CAZ_regi 0.07,  JPN_regi 0.07, GLO 0.06;transformative;2050.GLO 0.5;2;Mix3ICEban;1;2030;SSP2-EU21-PkBudg1000-PFMgateBfix-v6;SSP2-EU21-NPi2025;SSP2-EU21-NPi2025;0;SSP2-EU21-PkBudg1000-PFMgate-v6;[v6 wave 2] The annual-data rung (D3, A6): the sibling Run-Group v6-annual.;0.002;1;0;1;v6-annual;2;0.50;on;;;;;;;;
__________wave2_formulation_EU21;;;;;;;;;;;;;;;;;;;;;;;;;;;;;;;;;;;;;;;;
SSP2-EU21-PkBudg1000-PFMlevelBfix-Ehold-v6;V6W2EU21;./config/regionmapping_21_EU11.csv;./config/extramapping_EU27.csv;rcp26;globallyOptimal;0;1000;functionalForm;75;2080;11;EUR_regi 0.08, USA_regi 0.07, CHA_regi 0.07, CAZ_regi 0.07,  JPN_regi 0.07, GLO 0.06;transformative;2050.GLO 0.5;2;Mix3ICEban;1;2030;SSP2-EU21-PkBudg1000-PFMlevelBfix-v6;SSP2-EU21-NPi2025;SSP2-EU21-NPi2025;0;SSP2-EU21-PkBudg1000-PFMgate-v6;[v6 wave 2] E hold (D2, C5): the static-share bound, k close to 1.;0.002;1;0;1;v6;2;0.50;on;;;;;ratio;;;
SSP2-EU21-PkBudg1000-PFMlevelBfix-hold2060-v6;V6W2EU21;./config/regionmapping_21_EU11.csv;./config/extramapping_EU27.csv;rcp26;globallyOptimal;0;1000;functionalForm;75;2080;11;EUR_regi 0.08, USA_regi 0.07, CHA_regi 0.07, CAZ_regi 0.07,  JPN_regi 0.07, GLO 0.06;transformative;2050.GLO 0.5;2;Mix3ICEban;1;2030;SSP2-EU21-PkBudg1000-PFMlevelBfix-v6;SSP2-EU21-NPi2025;SSP2-EU21-NPi2025;0;SSP2-EU21-PkBudg1000-PFMgate-v6;[v6 wave 2] Hold year 2060 (D6): drivers held after 2060.;0.002;1;0;1;v6;2;0.50;on;;;;;;2060;;
SSP2-EU21-PkBudg1000-PFMlevelC-hold2060-v6;V6W2EU21;./config/regionmapping_21_EU11.csv;./config/extramapping_EU27.csv;rcp26;globallyOptimal;9;1000;functionalForm;75;2080;11;EUR_regi 0.08, USA_regi 0.07, CHA_regi 0.07, CAZ_regi 0.07,  JPN_regi 0.07, GLO 0.06;transformative;2050.GLO 0.5;2;Mix3ICEban;1;2030;SSP2-EU21-PkBudg1000-PFMlevelC-v6;SSP2-EU21-NPi2025;SSP2-EU21-NPi2025;0;;[v6 wave 2] Hold year 2060 (D6), rule C.;0.002;1;0;1;v6;2;0.50;;1;;;;;2060;;
SSP2-EU21-PkBudg1000-PFMlevelBfix-regk-v6;V6W2EU21;./config/regionmapping_21_EU11.csv;./config/extramapping_EU27.csv;rcp26;globallyOptimal;0;1000;functionalForm;75;2080;11;EUR_regi 0.08, USA_regi 0.07, CHA_regi 0.07, CAZ_regi 0.07,  JPN_regi 0.07, GLO 0.06;transformative;2050.GLO 0.5;2;Mix3ICEban;1;2030;SSP2-EU21-PkBudg1000-PFMlevelBfix-v6;SSP2-EU21-NPi2025;SSP2-EU21-NPi2025;0;SSP2-EU21-PkBudg1000-PFMgate-v6;[v6 wave 2] Regional strength k_r (D16, C4), SI.;0.002;1;0;1;v6;2;0.50;on;;;;;;;regional;
SSP2-EU21-PkBudg1000-PFMlevelBfix-kappa-v6;V6W2EU21;./config/regionmapping_21_EU11.csv;./config/extramapping_EU27.csv;rcp26;globallyOptimal;0;1000;functionalForm;75;2080;11;EUR_regi 0.08, USA_regi 0.07, CHA_regi 0.07, CAZ_regi 0.07,  JPN_regi 0.07, GLO 0.06;transformative;2050.GLO 0.5;2;Mix3ICEban;1;2030;SSP2-EU21-PkBudg1000-PFMlevelBfix-v6;SSP2-EU21-NPi2025;SSP2-EU21-NPi2025;0;SSP2-EU21-PkBudg1000-PFMgate-v6;[v6 wave 2] Declared closure on the strength, kappa = 0.02 a year (D13, C2) - replaces GAPCLOSE.;0.002;1;0;1;v6;2;0.50;on;;;;;;;;0.02
SSP2-EU21-PkBudg1000-PFMlevelC-kappa-v6;V6W2EU21;./config/regionmapping_21_EU11.csv;./config/extramapping_EU27.csv;rcp26;globallyOptimal;9;1000;functionalForm;75;2080;11;EUR_regi 0.08, USA_regi 0.07, CHA_regi 0.07, CAZ_regi 0.07,  JPN_regi 0.07, GLO 0.06;transformative;2050.GLO 0.5;2;Mix3ICEban;1;2030;SSP2-EU21-PkBudg1000-PFMlevelC-v6;SSP2-EU21-NPi2025;SSP2-EU21-NPi2025;0;;[v6 wave 2] Declared closure on the strength, kappa = 0.02 a year, rule C.;0.002;1;0;1;v6;2;0.50;;1;;;;;;;0.02
_____H12_SSP2_v6_____;;;;;;;;;;;;;;;;;;;;;;;;;;;;;;;;;;;;;;;;
__________parents_H12;;;;;;;;;;;;;;;;;;;;;;;;;;;;;;;;;;;;;;;;
SSP2-NPi2025;H12BASE,V6W1H12;;;;;0;;;;;;;;;;;;2005;;;;0;;Uncoupled parent: REMIND's SSP2-NPi2025, plus the matrix's declared settings (cm_taxCO2_lowerBound_path_gdx_ref). Generated by pfm::buildPFMScenarioConfig - edit the matrix, not this row.;;;;;;;;;;;;;;;;
SSP2-PkBudg1000;H12BASE,V6W1H12;;;rcp26;globallyOptimal;9;1000;functionalForm;75;2080;7;EUR_regi 0.08, USA_regi 0.07, CHA_regi 0.07, CAZ_regi 0.07,  JPN_regi 0.07, GLO 0.06;transformative;2050.GLO 0.5;2;Mix3ICEban;1;2030;;SSP2-NPi2025;SSP2-NPi2025;0;;Uncoupled parent: REMIND's SSP2-PkBudg1000, plus the matrix's declared settings (cm_taxCO2_lowerBound_path_gdx_ref, path_gdx_ref, path_gdx_refpolicycost). Generated by pfm::buildPFMScenarioConfig - edit the matrix, not this row.;;;;;;;;;;;;;;;;
__________wave1_nulls_H12;;;;;;;;;;;;;;;;;;;;;;;;;;;;;;;;;;;;;;;;
SSP2-PkBudg1000-PFMgateRef;H12BASE,V6W1H12;;;rcp26;globallyOptimal;9;1000;functionalForm;75;2080;0;EUR_regi 0.08, USA_regi 0.07, CHA_regi 0.07, CAZ_regi 0.07,  JPN_regi 0.07, GLO 0.06;transformative;2050.GLO 0.5;2;Mix3ICEban;1;2030;;SSP2-NPi2025;SSP2-NPi2025;0;;Uniform global price, uncoupled: the same-version comparator of the theta = 0 null (SCENARIOS.md 3.1, PITFALLS.md 34).;;;;;;;;;;;;;;;;
SSP2-PkBudg1000-PFMgate-v6;V6W1H12;;;rcp26;globallyOptimal;9;1000;functionalForm;75;2080;11;EUR_regi 0.08, USA_regi 0.07, CHA_regi 0.07, CAZ_regi 0.07,  JPN_regi 0.07, GLO 0.06;transformative;2050.GLO 0.5;2;Mix3ICEban;1;2030;;SSP2-NPi2025;SSP2-NPi2025;0;;[v6 wave 1] The theta = 0 null (D18): must reproduce -PFMgateRef within SCENARIOS.md 3.1. Anchor and price donor of every rule-B row.;0.002;1;0;1;v6;1;0;;;;;;;;;
SSP2-PkBudg1000-PFMgateBfix-v6;V6W1H12;;;rcp26;globallyOptimal;0;1000;functionalForm;75;2080;11;EUR_regi 0.08, USA_regi 0.07, CHA_regi 0.07, CAZ_regi 0.07,  JPN_regi 0.07, GLO 0.06;transformative;2050.GLO 0.5;2;Mix3ICEban;1;2030;SSP2-PkBudg1000-PFMgate-v6;SSP2-NPi2025;SSP2-NPi2025;0;SSP2-PkBudg1000-PFMgate-v6;[v6 wave 1] The held-price theta = 0 null, the comparator of every rule-B row.;0.002;1;0;1;v6;1;0;on;;;;;;;;
__________wave1_ruleB_H12;;;;;;;;;;;;;;;;;;;;;;;;;;;;;;;;;;;;;;;;
SSP2-PkBudg1000-PFMlevelBfix-v6;V6W1H12;;;rcp26;globallyOptimal;0;1000;functionalForm;75;2080;11;EUR_regi 0.08, USA_regi 0.07, CHA_regi 0.07, CAZ_regi 0.07,  JPN_regi 0.07, GLO 0.06;transformative;2050.GLO 0.5;2;Mix3ICEban;1;2030;SSP2-PkBudg1000-PFMgateBfix-v6;SSP2-NPi2025;SSP2-NPi2025;0;SSP2-PkBudg1000-PFMgate-v6;[v6 wave 1] Rule B (held price) with the v6 share path - the headline horn.;0.002;1;0;1;v6;2;0.50;on;;;;;;;;
SSP2-PkBudg1000-PFMlevelBfixTh325-v6;V6W1H12;;;rcp26;globallyOptimal;0;1000;functionalForm;75;2080;11;EUR_regi 0.08, USA_regi 0.07, CHA_regi 0.07, CAZ_regi 0.07,  JPN_regi 0.07, GLO 0.06;transformative;2050.GLO 0.5;2;Mix3ICEban;1;2030;SSP2-PkBudg1000-PFMlevelBfix-v6;SSP2-NPi2025;SSP2-NPi2025;0;SSP2-PkBudg1000-PFMgate-v6;[v6 wave 1] Rule B at the other two declared severities.;0.002;1;0;1;v6;2;0.325;on;;;;;;;;
SSP2-PkBudg1000-PFMlevelBfixTh675-v6;V6W1H12;;;rcp26;globallyOptimal;0;1000;functionalForm;75;2080;11;EUR_regi 0.08, USA_regi 0.07, CHA_regi 0.07, CAZ_regi 0.07,  JPN_regi 0.07, GLO 0.06;transformative;2050.GLO 0.5;2;Mix3ICEban;1;2030;SSP2-PkBudg1000-PFMlevelBfix-v6;SSP2-NPi2025;SSP2-NPi2025;0;SSP2-PkBudg1000-PFMgate-v6;[v6 wave 1] Rule B at the other two declared severities.;0.002;1;0;1;v6;2;0.675;on;;;;;;;;
__________wave1_ruleC_H12;;;;;;;;;;;;;;;;;;;;;;;;;;;;;;;;;;;;;;;;
SSP2-PkBudg1000-PFMlevelC-v6;V6W1H12;;;rcp26;globallyOptimal;9;1000;functionalForm;75;2080;11;EUR_regi 0.08, USA_regi 0.07, CHA_regi 0.07, CAZ_regi 0.07,  JPN_regi 0.07, GLO 0.06;transformative;2050.GLO 0.5;2;Mix3ICEban;1;2030;;SSP2-NPi2025;SSP2-NPi2025;0;;[v6 wave 1] Rule C (held budget) with the GAMS rebuild from the share path - the other horn.;0.002;1;0;1;v6;2;0.50;;1;;;;;;;
SSP2-PkBudg1000-PFMlevelCTh325-v6;V6W1H12;;;rcp26;globallyOptimal;9;1000;functionalForm;75;2080;11;EUR_regi 0.08, USA_regi 0.07, CHA_regi 0.07, CAZ_regi 0.07,  JPN_regi 0.07, GLO 0.06;transformative;2050.GLO 0.5;2;Mix3ICEban;1;2030;SSP2-PkBudg1000-PFMlevelC-v6;SSP2-NPi2025;SSP2-NPi2025;0;;[v6 wave 1] Rule C at the other two declared severities.;0.002;1;0;1;v6;2;0.325;;1;;;;;;;
SSP2-PkBudg1000-PFMlevelCTh675-v6;V6W1H12;;;rcp26;globallyOptimal;9;1000;functionalForm;75;2080;11;EUR_regi 0.08, USA_regi 0.07, CHA_regi 0.07, CAZ_regi 0.07,  JPN_regi 0.07, GLO 0.06;transformative;2050.GLO 0.5;2;Mix3ICEban;1;2030;SSP2-PkBudg1000-PFMlevelC-v6;SSP2-NPi2025;SSP2-NPi2025;0;;[v6 wave 1] Rule C at the other two declared severities.;0.002;1;0;1;v6;2;0.675;;1;;;;;;;
__________wave1_institutionsHeld_H12;;;;;;;;;;;;;;;;;;;;;;;;;;;;;;;;;;;;;;;;
SSP2-PkBudg1000-PFMlevelBfix-held-v6;V6W1H12;;;rcp26;globallyOptimal;0;1000;functionalForm;75;2080;11;EUR_regi 0.08, USA_regi 0.07, CHA_regi 0.07, CAZ_regi 0.07,  JPN_regi 0.07, GLO 0.06;transformative;2050.GLO 0.5;2;Mix3ICEban;1;2030;SSP2-PkBudg1000-PFMlevelBfix-v6;SSP2-NPi2025;SSP2-NPi2025;0;SSP2-PkBudg1000-PFMgate-v6;[v6 wave 1] Institutions-held twin of the rule-B headline (0005 section 7a decision 1A): institutions carry about half of Bulk k's 2100 fall.;0.002;1;0;1;v6;2;0.50;on;;hold;;;;;;
SSP2-PkBudg1000-PFMlevelC-held-v6;V6W1H12;;;rcp26;globallyOptimal;9;1000;functionalForm;75;2080;11;EUR_regi 0.08, USA_regi 0.07, CHA_regi 0.07, CAZ_regi 0.07,  JPN_regi 0.07, GLO 0.06;transformative;2050.GLO 0.5;2;Mix3ICEban;1;2030;SSP2-PkBudg1000-PFMlevelC-v6;SSP2-NPi2025;SSP2-NPi2025;0;;[v6 wave 1] Institutions-held twin of the rule-C headline (decision 1A).;0.002;1;0;1;v6;2;0.50;;1;hold;;;;;;
__________wave2_ordering_H12;;;;;;;;;;;;;;;;;;;;;;;;;;;;;;;;;;;;;;;;
SSP2-PkBudg1000-PFMlevelBfix-uniform-v6;V6W2H12;;;rcp26;globallyOptimal;0;1000;functionalForm;75;2080;11;EUR_regi 0.08, USA_regi 0.07, CHA_regi 0.07, CAZ_regi 0.07,  JPN_regi 0.07, GLO 0.06;transformative;2050.GLO 0.5;2;Mix3ICEban;1;2030;SSP2-PkBudg1000-PFMgateBfix-v6;SSP2-NPi2025;SSP2-NPi2025;0;SSP2-PkBudg1000-PFMgate-v6;[v6 wave 2] Ordering test on u (D15): uniform shares - the size of the effect without its location.;0.002;1;0;1;v6;2;0.50;on;;;uniform;;;;;
SSP2-PkBudg1000-PFMlevelBfix-permuted1-v6;V6W2H12;;;rcp26;globallyOptimal;0;1000;functionalForm;75;2080;11;EUR_regi 0.08, USA_regi 0.07, CHA_regi 0.07, CAZ_regi 0.07,  JPN_regi 0.07, GLO 0.06;transformative;2050.GLO 0.5;2;Mix3ICEban;1;2030;SSP2-PkBudg1000-PFMgateBfix-v6;SSP2-NPi2025;SSP2-NPi2025;0;SSP2-PkBudg1000-PFMgate-v6;[v6 wave 2] Ordering test on u (D15): regions' u permuted, seed 1.;0.002;1;0;1;v6;2;0.50;on;;;permuted;1;;;;
__________wave2_markupAndRatio_H12;;;;;;;;;;;;;;;;;;;;;;;;;;;;;;;;;;;;;;;;
SSP2-PkBudg1000-PFMlevelBfixMin-v6;V6W2H12;;;rcp26;globallyOptimal;0;1000;functionalForm;75;2080;11;EUR_regi 0.08, USA_regi 0.07, CHA_regi 0.07, CAZ_regi 0.07,  JPN_regi 0.07, GLO 0.06;transformative;2050.GLO 0.5;2;Mix3ICEban;1;2030;SSP2-PkBudg1000-PFMlevelBfix-v6;SSP2-NPi2025;SSP2-NPi2025;0;SSP2-PkBudg1000-PFMgate-v6;[v6 wave 2] Sector markup off (the old min()), rule B - v5 continuity.;0.002;0;0;1;v6;2;0.50;on;;;;;;;;
SSP2-PkBudg1000-PFMlevelCMin-v6;V6W2H12;;;rcp26;globallyOptimal;9;1000;functionalForm;75;2080;11;EUR_regi 0.08, USA_regi 0.07, CHA_regi 0.07, CAZ_regi 0.07,  JPN_regi 0.07, GLO 0.06;transformative;2050.GLO 0.5;2;Mix3ICEban;1;2030;SSP2-PkBudg1000-PFMlevelC-v6;SSP2-NPi2025;SSP2-NPi2025;0;;[v6 wave 2] Sector markup off, rule C - v5 continuity.;0.002;0;0;1;v6;2;0.50;;1;;;;;;;
SSP2-PkBudg1000-PFMratio-v6;V6W2H12;;;rcp26;globallyOptimal;9;1000;functionalForm;75;2080;11;EUR_regi 0.08, USA_regi 0.07, CHA_regi 0.07, CAZ_regi 0.07,  JPN_regi 0.07, GLO 0.06;transformative;2050.GLO 0.5;2;Mix3ICEban;1;2030;;SSP2-NPi2025;SSP2-NPi2025;0;;[v6 wave 2] Rule C in ratio mode (mode R) with the share path - v5 continuity.;0.002;1;0;1;v6;1;0.50;;;;;;;;;
